,FRM_L5,DAG_L5,GDC_L5,PCA_L5,TCI_L5,FRM_L21,DAG_L21,GDC_L21,PCA_L21,TCI_L21
1,0.181562733888772,0.138938430484451,0.129456146804296,0.147976503876226,0.177486731199193,0.151380481054185,0.166040969938469,0.0933950844325587,0.117896009731161,0.150791379487038
2,0.316924929458882,0.333430414862589,0.337102256567355,0.329930585503959,0.318503287285874,0.323496648920498,0.317908020660458,0.34560087946745,0.336261043354094,0.323721216442916
3,0.387231792321405,0.387231792321405,0.387231792321405,0.387231792321405,0.387231792321405,0.381203403525713,0.381203403525713,0.381203403525713,0.381203403525713,0.381203403525713
