,FRM_L5,DAG_L5,GDC_L5,PCA_L5,TCI_L5,FRM_L21,DAG_L21,GDC_L21,PCA_L21,TCI_L21
1,0.773951877210843,0.643497509977918,0.624532005987193,0.768541039638657,0.703720786453476,0.780650624863622,0.61346441364109,0.572109796997768,0.747696689651352,0.633744996638286
2,0.0131068407191256,0.020670914206394,0.0217705819979121,0.0134205747388584,0.0171790166289686,0.0109194917771696,0.0192422346961569,0.0213009202798473,0.0125599807202178,0.0182326413971726
3,0.0579825240634747,0.0579825240634747,0.0579825240634747,0.0579825240634747,0.0579825240634747,0.0497812759684432,0.0497812759684432,0.0497812759684432,0.0497812759684432,0.0497812759684432
