,FRM_L5,DAG_L5,GDC_L5,PCA_L5,TCI_L5,FRM_L21,DAG_L21,GDC_L21,PCA_L21,TCI_L21
1,0.75499017205322,0.599111225604082,0.57897123833068,0.739386794417363,0.557339407475399,0.757004525664695,0.571819213019446,0.521228410344184,0.716961340450783,0.591183334842289
2,0.0141623215996628,0.0231726041206923,0.0243367573269914,0.0150642448162612,0.0255871436805892,0.0120559872327204,0.0212437787792318,0.0237537928970438,0.0140426914337633,0.0202830464606253
3,0.0578030755678057,0.0578030755678057,0.0578030755678057,0.0578030755678057,0.0578030755678057,0.0496140402025946,0.0496140402025946,0.0496140402025946,0.0496140402025946,0.0496140402025946
