,FRM_L5,DAG_L5,GDC_L5,PCA_L5,TCI_L5,FRM_L21,DAG_L21,GDC_L21,PCA_L21,TCI_L21
1,0.755748410591417,0.600351915666205,0.58027427393154,0.740193350972821,0.558709566045525,0.757820770362004,0.573257659986136,0.522836813675863,0.717912196277902,0.59255687194603
2,0.0141623236604251,0.0231726046668058,0.0243367570118239,0.0150642452790691,0.0255871332057465,0.012055991064434,0.0212437781956494,0.0237537922603835,0.0140426908044218,0.0202830387991004
3,0.0579825240634747,0.0579825240634747,0.0579825240634747,0.0579825240634747,0.0579825240634747,0.0497812759684432,0.0497812759684432,0.0497812759684432,0.0497812759684432,0.0497812759684432
