,FRM_L5,DAG_L5,GDC_L5,PCA_L5,TCI_L5,FRM_L21,DAG_L21,GDC_L21,PCA_L21,TCI_L21
1,0.0392211827788116,0.0395765965042163,0.0458735900769259,0.0354107478175572,0.040374742409885,0.0331084900339864,0.0303814059389249,0.0234317766505603,0.0227044881871463,0.0240003766475864
2,0.327542427050225,0.32742126172878,0.325274531887368,0.328841455601808,0.32714916304967,0.297244959913698,0.298083329052493,0.300219806886813,0.30044339229213,0.300045006010416
3,0.340913456020564,0.340913456020564,0.340913456020564,0.340913456020564,0.340913456020564,0.307423280533455,0.307423280533455,0.307423280533455,0.307423280533455,0.307423280533455
