,FRM_L5,DAG_L5,GDC_L5,PCA_L5,TCI_L5,FRM_L21,DAG_L21,GDC_L21,PCA_L21,TCI_L21
1,0.438575219310269,0.23851980460282,0.302582424439755,0.343949821455799,0.35638743658155,0.525175213168388,0.226789989036796,0.335947936275335,0.487260325988153,0.426862358771771
2,0.0288916380086078,0.039186745781173,0.0358900013447448,0.0337611821314611,0.0331211265331633,0.0215119540454073,0.0350303073566966,0.0300849026309758,0.0232296893727908,0.0259660214498599
3,0.0514612803038608,0.0514612803038608,0.0514612803038608,0.0514612803038608,0.0514612803038608,0.0453050359669537,0.0453050359669537,0.0453050359669537,0.0453050359669537,0.0453050359669537
