,FRM_L5,DAG_L5,GDC_L5,PCA_L5,TCI_L5,FRM_L21,DAG_L21,GDC_L21,PCA_L21,TCI_L21
1,0.384134388805378,0.167007088377597,0.243411788334948,0.275896717105485,0.254766371725539,0.4744965555277,0.156235322520718,0.281654462826409,0.446151897663446,-0.0951844677161255
2,0.031693232847195,0.0428668817161297,0.038934998035092,0.0372632820099805,0.0383506766364953,0.0238079524525756,0.038226789060844,0.0325446703983502,0.0250921081965866,0.0496173717003281
3,0.0514612803038608,0.0514612803038608,0.0514612803038608,0.0514612803038608,0.0514612803038608,0.0453050359669537,0.0453050359669537,0.0453050359669537,0.0453050359669537,0.0453050359669537
