,FRM_L5,DAG_L5,GDC_L5,PCA_L5,TCI_L5,FRM_L21,DAG_L21,GDC_L21,PCA_L21,TCI_L21
1,0.112090686623963,0.045924434004436,0.0717197665257785,0.0794464978012042,-0.155964274653098,0.0959982604690233,0.110496483046237,0.038603216091587,0.0523330968444579,-0.00375365934427752
2,0.343826714837471,0.369448391430521,0.359459618584755,0.356467582584186,0.447626117933432,0.344608539902373,0.339081768110866,0.366487726164561,0.361253848891565,0.382634311243427
3,0.387231792321405,0.387231792321405,0.387231792321405,0.387231792321405,0.387231792321405,0.381203403525713,0.381203403525713,0.381203403525713,0.381203403525713,0.381203403525713
