,FRM_L5,DAG_L5,GDC_L5,PCA_L5,TCI_L5,FRM_L21,DAG_L21,GDC_L21,PCA_L21,TCI_L21
1,-0.0435196773999553,-0.0371829981188063,-0.0431126621254536,-0.0455228000545675,-0.0791480719109481,-0.0966283197957627,-0.0530973974739251,-0.0557760401611203,-0.059670866767249,-0.0821295348189122
2,0.355749899647882,0.353589640414452,0.355611142663999,0.356432791114899,0.367896098753089,0.337129075597505,0.323746656652678,0.324570133774953,0.325767494147318,0.332671811556172
3,0.340913456020564,0.340913456020564,0.340913456020564,0.340913456020564,0.340913456020564,0.307423280533455,0.307423280533455,0.307423280533455,0.307423280533455,0.307423280533455
