,FRM_L21,DAG_L21,GDC_L21,PCA_L21,TCI_L21,FRM_L63,DAG_L63,GDC_L63,PCA_L63,TCI_L63
1,0.147974423655161,0.329259933381681,0.115789682846239,0.247276293603936,0.777080102956792,0.112713264586,0.246018391683365,0.0978311497851188,0.402755667721241,0.658658328953527
2,-4.46154531020436,1.22013009005006,-40.7304159433933,-0.121861328930456,-0.730948279759369,-3.62484875676052,0.916145704203538,-36.3705124857011,-0.190207086157196,-0.533371200780147
3,2.89113136747618e-18,4.12608504849771e-33,6.19329168498936e-18,7.21378469809398e-29,4.51001052410442e-31,2.06023712392662e-15,1.00409641120126e-28,3.37731741346033e-15,7.99232587292405e-33,9.53752062502057e-38
