,FRM_L5,DAG_L5,GDC_L5,PCA_L5,TCI_L5,FRM_L21,DAG_L21,GDC_L21,PCA_L21,TCI_L21
1,0.774649831284209,0.644598224375903,0.625691261396807,0.769255679967701,0.704635432286103,0.78463427875686,0.62048423722948,0.579880658481694,0.752278735680457,0.64039637804993
2,0.0131068390659487,0.0206709136425467,0.0217705823155505,0.0134205742346675,0.017179023547535,0.0109194881164481,0.0192422351972107,0.0213009207348277,0.0125599811628096,0.0182326484170728
3,0.0581621000802484,0.0581621000802484,0.0581621000802484,0.0581621000802484,0.0581621000802484,0.0507020711254247,0.0507020711254247,0.0507020711254247,0.0507020711254247,0.0507020711254247
