,FRM_1P_L5,FRM_10P_L5,FRM_1P_L21,FRM_10P_L21
1,0.0805029825056589,0.100111200927181,0.101136247926051,0.0968919656645466
2,0.3560958895622,0.348502166201825,0.34315914465588,0.344779483964452
3,0.387272479178424,0.387272479178424,0.381769922153506,0.381769922153506
