,FRM_1P_L5,FRM_10P_L5,FRM_1P_L21,FRM_10P_L21
1,0.485425138983115,0.468139161422913,0.420221273714988,0.398979508655181
2,0.0265210821952605,0.0274119979131282,0.0269237479073238,0.027910172385575
3,0.0515397937296246,0.0515397937296246,0.0464379713961572,0.0464379713961572
