,FRM_1P_L5,FRM_10P_L5,FRM_1P_L21,FRM_10P_L21
1,0.764164767706416,0.787577372268844,0.681635644468332,0.770716882372477
2,0.0138909413506266,0.0125119145034538,0.0162408335613229,0.0116965008397098
3,0.0589010438157697,0.0589010438157697,0.0510133539736277,0.0510133539736277
