,FRM_1P_L5,FRM_10P_L5,FRM_1P_L21,FRM_10P_L21
1,0.536107499311629,0.523688887312331,0.468742181933868,0.448973599707823
2,0.0239089237981983,0.0245489764990504,0.0246705353593399,0.0255885482152956
3,0.0515397937296246,0.0515397937296246,0.0464379713961572,0.0464379713961572
