,FRM_1P_L5,FRM_10P_L5,FRM_1P_L21,FRM_10P_L21
1,0.782612016257302,0.807054866704452,0.713062110859135,0.799113018767648
2,0.0128043791554505,0.0113646697502806,0.0146376641071885,0.0102479186822995
3,0.0589010438157697,0.0589010438157697,0.0510133539736277,0.0510133539736277
