,FRM_1P_L5,FRM_10P_L5,FRM_1P_L21,FRM_10P_L21
1,0.152151157255843,0.185134287262513,0.165370677597547,0.15978249254897
2,0.328348523298087,0.31557506476934,0.318636371440618,0.320769772411593
3,0.387272479178424,0.387272479178424,0.381769922153506,0.381769922153506
