,Macro,mean,max,min,sd
1,FXI.US.EQUITY,0.0222476337429842,0.0789250391019124,0.00196171568824756,0.0137765996426305
2,VXFXI.INDEX,0.0207588602016543,0.091620829825505,0.00120898722843247,0.0130846568589488
3,CN2YR,0.0273942338502103,0.11293129005549,0.00234150644244511,0.0169761041793137
4,CN210SLOPE,0.0283314477791232,0.0869007824147875,0.00304078726905754,0.0160559890189053
5,FRM,1.39949836296226,2.55955947083535,1.06383142341292,0.271467548945127
