,MKRturn,CN3M,CN310SLOPE,TED,CreSP,RealEstateDiff
MKRturn,NA,0.577778068584745,0.838859348295574,0.964044196164919,0.365764519737929,0.004619926548175
CN3M,0.577778068584745,NA,0.0834918293836724,2.22044604925031e-16,0.39037019067517,0.191821414480792
CN310SLOPE,0.838859348295574,0.0834918293836724,NA,0,0.369520293857964,0.930598311076692
TED,0.964044196164919,2.22044604925031e-16,0,NA,0,0.645201798285347
CreSP,0.365764519737929,0.39037019067517,0.369520293857964,0,NA,0.701685963014214
RealEstateDiff,0.004619926548175,0.191821414480792,0.930598311076692,0.645201798285347,0.701685963014214,NA
