,MKRturn,CN3M,CN310SLOPE,TED,CreSP,RealEstateDiff
MKRturn,NA,0.729744480481777,0.988334830519188,0.993674558902319,0.960801701525388,0.020132382476667
CN3M,0.729744480481777,NA,0.101474919704015,9.32587340685131e-15,0.572323311963633,0.111409442419686
CN310SLOPE,0.988334830519188,0.101474919704015,NA,0,0.159569248955425,0.813798292125167
TED,0.993674558902319,9.32587340685131e-15,0,NA,0,0.47380616910016
CreSP,0.960801701525388,0.572323311963633,0.159569248955425,0,NA,0.954621589554418
RealEstateDiff,0.020132382476667,0.111409442419686,0.813798292125167,0.47380616910016,0.954621589554418,NA
