,MKRturn,CN3M,CN310SLOPE,TED,CreSP,RealEstateDiff
MKRturn,1,0.011688487,0.000494692,-0.00026824,0.001662915,0.078507229
CN3M,0.011688487,1,-0.05537088,-0.257714496,-0.019102722,-0.053822839
CN310SLOPE,0.000494692,-0.05537088,1,0.348804023,0.047562984,0.007969035
TED,-0.00026824,-0.257714496,0.348804023,1,0.282914444,0.024232579
CreSP,0.001662915,-0.019102722,0.047562984,0.282914444,1,0.001925359
RealEstateDiff,0.078507229,-0.053822839,0.007969035,0.024232579,0.001925359,1
